CustomParam1,CustomParam2,CustomParam3,CustomParam4,CustomParam5,CustomParam6,CustomParam7,Country,CompanyId,Currency,CompanyName
12345678912345678912.12345678,20250018450089.07812500,3097633576711.28906250,3272376229180.10937500,18378329557045.63281250,21821328176912.91406250,20659984408178.28125000,BBD,134587,Canadian Dollar,Troupinè
12345678912345678912.12345678,20250018450089.07812500,3097633576711.28906250,3272376229180.10937500,18378329557045.63281250,21821328176912.91406250,20659984408178.28125000,CAD,134588,Barbados Dollar,Cusàle
12345678912345678912.12345678,20250018450089.07812500,3097633576711.28906250,3272376229180.10937500,18378329557045.63281250,21821328176912.91406250,20659984408178.28125000,DOP,134589,Hong Kong Dollar,Priènt
12345678912345678912.12345678,20250018450089.07812500,3097633576711.28906250,3272376229180.10937500,18378329557045.63281250,21821328176912.91406250,20659984408178.28125000,HKD,134590,Dominican Peso,Càràws

